{"coefficients": [-0.06768278941222038, 0.7542165421861994, -0.04263660391205113, 0.16113902256593038, -0.06027777318335391, -0.010235883065117201, -0.5334320780503234, 0.015743587901063283, 0.3371899852740666, 0.038960272997739305, -0.26471780571115355], "intercept": -1.6356512811706827, "mean": [651.647625, 38.89775, 5.003875, 76102.13964500002, 1.531375, 0.7035, 0.51275, 100431.28976375, 0.251375, 0.249375, 0.54525], "scale": [96.36017697606918, 10.518295723999207, 2.8816418903769083, 62457.101821994955, 0.5796685340563175, 0.45671407904727435, 0.49983741106483814, 57515.325386604534, 0.4338036530217328, 0.4326512560654366, 0.49794822773055425], "columns": ["CreditScore", "Age", "Tenure", "Balance", "NumOfProducts", "HasCrCard", "IsActiveMember", "EstimatedSalary", "Geography_Germany", "Geography_Spain", "Gender_Male"]}